source,event,word,count,position
Gazeta_Wyborcza,afera_podsl_end,egzamin,46,1
Gazeta_Wyborcza,afera_podsl_end,poziom,27,2
Gazeta_Wyborcza,afera_podsl_end,doktor,27,3
Gazeta_Wyborcza,afera_podsl_end,zarzut,25,4
Gazeta_Wyborcza,afera_podsl_end,gimnazjalny,24,5
Gazeta_Wyborcza,afera_podsl_end,prokuratura,23,6
Gazeta_Wyborcza,afera_podsl_end,mezczyzna,20,7
Gazeta_Wyborcza,afera_podsl_end,uczen,20,8
Gazeta_Wyborcza,afera_podsl_end,pacjentka,19,9
Gazeta_Wyborcza,afera_podsl_end,zadac,16,10
Gazeta_Wyborcza,afera_podsl_start,kolo,23,1
Gazeta_Wyborcza,afera_podsl_start,mezczyzna,22,2
Gazeta_Wyborcza,afera_podsl_start,kaminski,22,3
Gazeta_Wyborcza,afera_podsl_start,prokuratura,21,4
Gazeta_Wyborcza,afera_podsl_start,zona,18,5
Gazeta_Wyborcza,afera_podsl_start,policja,16,6
Gazeta_Wyborcza,afera_podsl_start,partia,13,7
Gazeta_Wyborcza,afera_podsl_start,posel,13,8
Gazeta_Wyborcza,afera_podsl_start,godzina,13,9
Gazeta_Wyborcza,afera_podsl_start,kobieta,12,10
Gazeta_Wyborcza,janukowycz_end,zolnierz,22,1
Gazeta_Wyborcza,janukowycz_end,reklama,19,2
Gazeta_Wyborcza,janukowycz_end,profesor,19,3
Gazeta_Wyborcza,janukowycz_end,planeta,18,4
Gazeta_Wyborcza,janukowycz_end,wyklac,15,5
Gazeta_Wyborcza,janukowycz_end,szpital,12,6
Gazeta_Wyborcza,janukowycz_end,mojak,12,7
Gazeta_Wyborcza,janukowycz_end,planet,11,8
Gazeta_Wyborcza,janukowycz_end,wyklad,11,9
Gazeta_Wyborcza,janukowycz_end,wypadek,11,10
Gazeta_Wyborcza,janukowycz_start,podrecznik,29,1
Gazeta_Wyborcza,janukowycz_start,policja,16,2
Gazeta_Wyborcza,janukowycz_start,krokodyl,14,3
Gazeta_Wyborcza,janukowycz_start,szkola,14,4
Gazeta_Wyborcza,janukowycz_start,nauczyciel,12,5
Gazeta_Wyborcza,janukowycz_start,prokuratura,12,6
Gazeta_Wyborcza,janukowycz_start,wyrok,12,7
Gazeta_Wyborcza,janukowycz_start,posel,11,8
Gazeta_Wyborcza,janukowycz_start,urzad,10,9
Gazeta_Wyborcza,janukowycz_start,izabella,10,10
Gazeta_Wyborcza,jp2_swiety_end,egzamin,108,1
Gazeta_Wyborcza,jp2_swiety_end,gimnazjalny,68,2
Gazeta_Wyborcza,jp2_swiety_end,poziom,66,3
Gazeta_Wyborcza,jp2_swiety_end,arkusz,38,4
Gazeta_Wyborcza,jp2_swiety_end,podstawowy,35,5
Gazeta_Wyborcza,jp2_swiety_end,zadac,34,6
Gazeta_Wyborcza,jp2_swiety_end,uczen,29,7
Gazeta_Wyborcza,jp2_swiety_end,gimnazjalista,28,8
Gazeta_Wyborcza,jp2_swiety_end,piskorski,26,9
Gazeta_Wyborcza,jp2_swiety_end,angielski,25,10
Gazeta_Wyborcza,jp2_swiety_start,egzamin,163,1
Gazeta_Wyborcza,jp2_swiety_start,gimnazjalny,123,2
Gazeta_Wyborcza,jp2_swiety_start,arkusz,62,3
Gazeta_Wyborcza,jp2_swiety_start,zadac,45,4
Gazeta_Wyborcza,jp2_swiety_start,tekst,43,5
Gazeta_Wyborcza,jp2_swiety_start,wiedza,40,6
Gazeta_Wyborcza,jp2_swiety_start,historia,37,7
Gazeta_Wyborcza,jp2_swiety_start,uczen,36,8
Gazeta_Wyborcza,jp2_swiety_start,poziom,33,9
Gazeta_Wyborcza,jp2_swiety_start,kwiecien,30,10
Gazeta_Wyborcza,kopacz_start_end,policjant,25,1
Gazeta_Wyborcza,kopacz_start_end,chlopiec,22,2
Gazeta_Wyborcza,kopacz_start_end,szpital,21,3
Gazeta_Wyborcza,kopacz_start_end,grzegorz,15,4
Gazeta_Wyborcza,kopacz_start_end,prokuratura,14,5
Gazeta_Wyborcza,kopacz_start_end,lekarz,14,6
Gazeta_Wyborcza,kopacz_start_end,bloger,13,7
Gazeta_Wyborcza,kopacz_start_end,poniedzialek,12,8
Gazeta_Wyborcza,kopacz_start_end,owsiak,11,9
Gazeta_Wyborcza,kopacz_start_end,zarzad,10,10
Gazeta_Wyborcza,kopacz_start_start,prokuratura,47,1
Gazeta_Wyborcza,kopacz_start_start,mezczyzna,42,2
Gazeta_Wyborcza,kopacz_start_start,policja,42,3
Gazeta_Wyborcza,kopacz_start_start,biuro,30,4
Gazeta_Wyborcza,kopacz_start_start,papieros,29,5
Gazeta_Wyborcza,kopacz_start_start,wyrok,25,6
Gazeta_Wyborcza,kopacz_start_start,schetyna,18,7
Gazeta_Wyborcza,kopacz_start_start,wyborczy,18,8
Gazeta_Wyborcza,kopacz_start_start,policjant,17,9
Gazeta_Wyborcza,kopacz_start_start,postepowac,16,10
Gazeta_Wyborcza,krym_ref_end,policja,24,1
Gazeta_Wyborcza,krym_ref_end,prokuratura,12,2
Gazeta_Wyborcza,krym_ref_end,rektor,11,3
Gazeta_Wyborcza,krym_ref_end,zatoka,11,4
Gazeta_Wyborcza,krym_ref_end,kierowca,11,5
Gazeta_Wyborcza,krym_ref_end,wypadek,10,6
Gazeta_Wyborcza,krym_ref_end,autobus,10,7
Gazeta_Wyborcza,krym_ref_end,prawo,9,8
Gazeta_Wyborcza,krym_ref_end,pozar,8,9
Gazeta_Wyborcza,krym_ref_end,obserwacja,8,10
Gazeta_Wyborcza,krym_ref_start,prokuratura,18,1
Gazeta_Wyborcza,krym_ref_start,pilkarz,15,2
Gazeta_Wyborcza,krym_ref_start,policja,14,3
Gazeta_Wyborcza,krym_ref_start,piotr,13,4
Gazeta_Wyborcza,krym_ref_start,rzezniczak,12,5
Gazeta_Wyborcza,krym_ref_start,mezczyzna,11,6
Gazeta_Wyborcza,krym_ref_start,mosir,11,7
Gazeta_Wyborcza,krym_ref_start,uderzyc,10,8
Gazeta_Wyborcza,krym_ref_start,zarzut,9,9
Gazeta_Wyborcza,krym_ref_start,legia,8,10
Gazeta_Wyborcza,obama_pol_end,ukraina,16,1
Gazeta_Wyborcza,obama_pol_end,prokuratura,15,2
Gazeta_Wyborcza,obama_pol_end,pilkarz,15,3
Gazeta_Wyborcza,obama_pol_end,piotr,13,4
Gazeta_Wyborcza,obama_pol_end,rzezniczak,12,5
Gazeta_Wyborcza,obama_pol_end,wojewodztwo,12,6
Gazeta_Wyborcza,obama_pol_end,film,12,7
Gazeta_Wyborcza,obama_pol_end,warszawa,11,8
Gazeta_Wyborcza,obama_pol_end,policja,11,9
Gazeta_Wyborcza,obama_pol_end,mosir,11,10
Gazeta_Wyborcza,obama_pol_start,zolnierz,22,1
Gazeta_Wyborcza,obama_pol_start,reklama,20,2
Gazeta_Wyborcza,obama_pol_start,profesor,20,3
Gazeta_Wyborcza,obama_pol_start,planeta,18,4
Gazeta_Wyborcza,obama_pol_start,lidl,16,5
Gazeta_Wyborcza,obama_pol_start,wyklac,15,6
Gazeta_Wyborcza,obama_pol_start,protasiewicz,15,7
Gazeta_Wyborcza,obama_pol_start,mezczyzna,14,8
Gazeta_Wyborcza,obama_pol_start,papiez,13,9
Gazeta_Wyborcza,obama_pol_start,mojak,12,10
Gazeta_Wyborcza,papiez_fran_end,policja,26,1
Gazeta_Wyborcza,papiez_fran_end,pozar,25,2
Gazeta_Wyborcza,papiez_fran_end,budynek,21,3
Gazeta_Wyborcza,papiez_fran_end,koalicja,20,4
Gazeta_Wyborcza,papiez_fran_end,kamienica,20,5
Gazeta_Wyborcza,papiez_fran_end,marszalek,18,6
Gazeta_Wyborcza,papiez_fran_end,pis,18,7
Gazeta_Wyborcza,papiez_fran_end,kopalnia,17,8
Gazeta_Wyborcza,papiez_fran_end,tama,17,9
Gazeta_Wyborcza,papiez_fran_end,mazowsze,16,10
Gazeta_Wyborcza,papiez_fran_start,filharmonia,34,1
Gazeta_Wyborcza,papiez_fran_start,gora,29,2
Gazeta_Wyborcza,papiez_fran_start,prokuratura,24,3
Gazeta_Wyborcza,papiez_fran_start,jeleni,24,4
Gazeta_Wyborcza,papiez_fran_start,mezczyzna,22,5
Gazeta_Wyborcza,papiez_fran_start,policja,21,6
Gazeta_Wyborcza,papiez_fran_start,dolnoslaski,19,7
Gazeta_Wyborcza,papiez_fran_start,zabojstwo,19,8
Gazeta_Wyborcza,papiez_fran_start,michal,17,9
Gazeta_Wyborcza,papiez_fran_start,pociag,16,10
Gazeta_Wyborcza,samolot_ukr_end,mezczyzna,13,1
Gazeta_Wyborcza,samolot_ukr_end,policja,13,2
Gazeta_Wyborcza,samolot_ukr_end,wypadek,13,3
Gazeta_Wyborcza,samolot_ukr_end,prokuratura,11,4
Gazeta_Wyborcza,samolot_ukr_end,niemiecki,11,5
Gazeta_Wyborcza,samolot_ukr_end,kazimierz,11,6
Gazeta_Wyborcza,samolot_ukr_end,autokar,9,7
Gazeta_Wyborcza,samolot_ukr_end,szpital,8,8
Gazeta_Wyborcza,samolot_ukr_end,zarzut,8,9
Gazeta_Wyborcza,samolot_ukr_end,alkohol,8,10
Gazeta_Wyborcza,samolot_ukr_start,prokuratura,39,1
Gazeta_Wyborcza,samolot_ukr_start,prokurator,37,2
Gazeta_Wyborcza,samolot_ukr_start,policjant,36,3
Gazeta_Wyborcza,samolot_ukr_start,policja,29,4
Gazeta_Wyborcza,samolot_ukr_start,szpital,26,5
Gazeta_Wyborcza,samolot_ukr_start,mezczyzna,26,6
Gazeta_Wyborcza,samolot_ukr_start,wyborczy,24,7
Gazeta_Wyborcza,samolot_ukr_start,porod,22,8
Gazeta_Wyborcza,samolot_ukr_start,pies,21,9
Gazeta_Wyborcza,samolot_ukr_start,komisja,20,10
Gazeta_Wyborcza,tusk_ue_end,gender,44,1
Gazeta_Wyborcza,tusk_ue_end,policja,32,2
Gazeta_Wyborcza,tusk_ue_end,mezczyzna,23,3
Gazeta_Wyborcza,tusk_ue_end,prokuratura,23,4
Gazeta_Wyborcza,tusk_ue_end,samochod,19,5
Gazeta_Wyborcza,tusk_ue_end,tomasz,17,6
Gazeta_Wyborcza,tusk_ue_end,pies,17,7
Gazeta_Wyborcza,tusk_ue_end,ksiadz,17,8
Gazeta_Wyborcza,tusk_ue_end,wciaz,16,9
Gazeta_Wyborcza,tusk_ue_end,tama,16,10
Gazeta_Wyborcza,tusk_ue_start,sprawdzian,37,1
Gazeta_Wyborcza,tusk_ue_start,szostoklasista,20,2
Gazeta_Wyborcza,tusk_ue_start,prokuratura,20,3
Gazeta_Wyborcza,tusk_ue_start,wypadek,20,4
Gazeta_Wyborcza,tusk_ue_start,zadac,18,5
Gazeta_Wyborcza,tusk_ue_start,policja,18,6
Gazeta_Wyborcza,tusk_ue_start,policjant,18,7
Gazeta_Wyborcza,tusk_ue_start,krolikowski,17,8
Gazeta_Wyborcza,tusk_ue_start,uczen,16,9
Gazeta_Wyborcza,tusk_ue_start,kontrola,15,10
Gazeta_Wyborcza,wybory_parl_end,pis,425,1
Gazeta_Wyborcza,wybory_parl_end,partia,220,2
Gazeta_Wyborcza,wybory_parl_end,prawo,179,3
Gazeta_Wyborcza,wybory_parl_end,czlonek,156,4
Gazeta_Wyborcza,wybory_parl_end,okreg,153,5
Gazeta_Wyborcza,wybory_parl_end,sejm,152,6
Gazeta_Wyborcza,wybory_parl_end,mandat,125,7
Gazeta_Wyborcza,wybory_parl_end,kaczynski,124,8
Gazeta_Wyborcza,wybory_parl_end,senator,117,9
Gazeta_Wyborcza,wybory_parl_end,rzad,116,10
Gazeta_Wyborcza,wybory_parl_start,pis,233,1
Gazeta_Wyborcza,wybory_parl_start,debata,198,2
Gazeta_Wyborcza,wybory_parl_start,kopacz,197,3
Gazeta_Wyborcza,wybory_parl_start,szydlo,178,4
Gazeta_Wyborcza,wybory_parl_start,partia,146,5
Gazeta_Wyborcza,wybory_parl_start,uchodzca,139,6
Gazeta_Wyborcza,wybory_parl_start,rzad,112,7
Gazeta_Wyborcza,wybory_parl_start,wyborczy,112,8
Gazeta_Wyborcza,wybory_parl_start,polityk,107,9
Gazeta_Wyborcza,wybory_parl_start,kaczynski,103,10
Gazeta_Wyborcza,wybory_pe_end,rodzina,40,1
Gazeta_Wyborcza,wybory_pe_end,policja,25,2
Gazeta_Wyborcza,wybory_pe_end,szpital,23,3
Gazeta_Wyborcza,wybory_pe_end,miasto,22,4
Gazeta_Wyborcza,wybory_pe_end,krakow,20,5
Gazeta_Wyborcza,wybory_pe_end,prokuratura,19,6
Gazeta_Wyborcza,wybory_pe_end,potrafic,18,7
Gazeta_Wyborcza,wybory_pe_end,referendum,18,8
Gazeta_Wyborcza,wybory_pe_end,grupa,16,9
Gazeta_Wyborcza,wybory_pe_end,kobieta,16,10
Gazeta_Wyborcza,wybory_pe_start,poziom,83,1
Gazeta_Wyborcza,wybory_pe_start,matura,81,2
Gazeta_Wyborcza,wybory_pe_start,arkusz,55,3
Gazeta_Wyborcza,wybory_pe_start,podstawowy,50,4
Gazeta_Wyborcza,wybory_pe_start,policja,48,5
Gazeta_Wyborcza,wybory_pe_start,historia,44,6
Gazeta_Wyborcza,wybory_pe_start,centymetr,40,7
Gazeta_Wyborcza,wybory_pe_start,pis,39,8
Gazeta_Wyborcza,wybory_pe_start,egzamin,36,9
Gazeta_Wyborcza,wybory_pe_start,zadac,34,10
Gazeta_Wyborcza,wybory_prez1_end,pis,195,1
Gazeta_Wyborcza,wybory_prez1_end,syria,110,2
Gazeta_Wyborcza,wybory_prez1_end,rosyjski,110,3
Gazeta_Wyborcza,wybory_prez1_end,rzad,103,4
Gazeta_Wyborcza,wybory_prez1_end,partia,96,5
Gazeta_Wyborcza,wybory_prez1_end,rosja,93,6
Gazeta_Wyborcza,wybory_prez1_end,polityk,92,7
Gazeta_Wyborcza,wybory_prez1_end,szydlo,90,8
Gazeta_Wyborcza,wybory_prez1_end,wyborczy,84,9
Gazeta_Wyborcza,wybory_prez1_end,pazdziernik,82,10
Gazeta_Wyborcza,wybory_prez1_start,syria,132,1
Gazeta_Wyborcza,wybory_prez1_start,uchodzca,131,2
Gazeta_Wyborcza,wybory_prez1_start,ksiadz,120,3
Gazeta_Wyborcza,wybory_prez1_start,rosja,115,4
Gazeta_Wyborcza,wybory_prez1_start,rzad,108,5
Gazeta_Wyborcza,wybory_prez1_start,rosyjski,99,6
Gazeta_Wyborcza,wybory_prez1_start,usa,92,7
Gazeta_Wyborcza,wybory_prez1_start,kosciol,91,8
Gazeta_Wyborcza,wybory_prez1_start,duda,90,9
Gazeta_Wyborcza,wybory_prez1_start,putin,86,10
Gazeta_Wyborcza,wybory_prez2_end,duda,794,1
Gazeta_Wyborcza,wybory_prez2_end,andrzej,455,2
Gazeta_Wyborcza,wybory_prez2_end,komorowski,378,3
Gazeta_Wyborcza,wybory_prez2_end,wyborczy,274,4
Gazeta_Wyborcza,wybory_prez2_end,kampania,270,5
Gazeta_Wyborcza,wybory_prez2_end,pis,251,6
Gazeta_Wyborcza,wybory_prez2_end,partia,218,7
Gazeta_Wyborcza,wybory_prez2_end,prezydencki,216,8
Gazeta_Wyborcza,wybory_prez2_end,platforma,168,9
Gazeta_Wyborcza,wybory_prez2_end,polityk,167,10
Gazeta_Wyborcza,wybory_prez2_start,duda,768,1
Gazeta_Wyborcza,wybory_prez2_start,komorowski,541,2
Gazeta_Wyborcza,wybory_prez2_start,debata,536,3
Gazeta_Wyborcza,wybory_prez2_start,wyborczy,367,4
Gazeta_Wyborcza,wybory_prez2_start,kandydat,316,5
Gazeta_Wyborcza,wybory_prez2_start,andrzej,308,6
Gazeta_Wyborcza,wybory_prez2_start,pis,228,7
Gazeta_Wyborcza,wybory_prez2_start,kampania,213,8
Gazeta_Wyborcza,wybory_prez2_start,prezydencki,191,9
Gazeta_Wyborcza,wybory_prez2_start,sondaz,161,10
Gazeta_Wyborcza,wybory_samorz_end,wyborczy,34,1
Gazeta_Wyborcza,wybory_samorz_end,glos,29,2
Gazeta_Wyborcza,wybory_samorz_end,policja,26,3
Gazeta_Wyborcza,wybory_samorz_end,sejmik,26,4
Gazeta_Wyborcza,wybory_samorz_end,komisja,23,5
Gazeta_Wyborcza,wybory_samorz_end,pis,22,6
Gazeta_Wyborcza,wybory_samorz_end,prokuratura,21,7
Gazeta_Wyborcza,wybory_samorz_end,okreg,21,8
Gazeta_Wyborcza,wybory_samorz_end,krakow,20,9
Gazeta_Wyborcza,wybory_samorz_end,lasota,20,10
Gazeta_Wyborcza,wybory_samorz_start,ksiadz,62,1
Gazeta_Wyborcza,wybory_samorz_start,warszawa,39,2
Gazeta_Wyborcza,wybory_samorz_start,msza,39,3
Gazeta_Wyborcza,wybory_samorz_start,prokuratura,32,4
Gazeta_Wyborcza,wybory_samorz_start,kandydat,31,5
Gazeta_Wyborcza,wybory_samorz_start,policja,29,6
Gazeta_Wyborcza,wybory_samorz_start,waltz,29,7
Gazeta_Wyborcza,wybory_samorz_start,kamienica,27,8
Gazeta_Wyborcza,wybory_samorz_start,niemiecki,27,9
Gazeta_Wyborcza,wybory_samorz_start,kosciol,26,10
Gazeta_Wyborcza,zamach_bruks_end,zamach,183,1
Gazeta_Wyborcza,zamach_bruks_end,bruksela,132,2
Gazeta_Wyborcza,zamach_bruks_end,policja,112,3
Gazeta_Wyborcza,zamach_bruks_end,pis,91,4
Gazeta_Wyborcza,zamach_bruks_end,marco,78,5
Gazeta_Wyborcza,zamach_bruks_end,prawo,75,6
Gazeta_Wyborcza,zamach_bruks_end,sluzba,75,7
Gazeta_Wyborcza,zamach_bruks_end,atak,73,8
Gazeta_Wyborcza,zamach_bruks_end,media,72,9
Gazeta_Wyborcza,zamach_bruks_end,mezczyzna,70,10
Gazeta_Wyborcza,zamach_bruks_start,pis,119,1
Gazeta_Wyborcza,zamach_bruks_start,marco,98,2
Gazeta_Wyborcza,zamach_bruks_start,rzad,94,3
Gazeta_Wyborcza,zamach_bruks_start,duda,87,4
Gazeta_Wyborcza,zamach_bruks_start,prokuratura,83,5
Gazeta_Wyborcza,zamach_bruks_start,minister,82,6
Gazeta_Wyborcza,zamach_bruks_start,prokurator,82,7
Gazeta_Wyborcza,zamach_bruks_start,andrzej,81,8
Gazeta_Wyborcza,zamach_bruks_start,kaczynski,78,9
Gazeta_Wyborcza,zamach_bruks_start,prawo,70,10
Gazeta_Wyborcza,zamach_hebdo_end,grecja,333,1
Gazeta_Wyborcza,zamach_hebdo_end,pis,225,2
Gazeta_Wyborcza,zamach_hebdo_end,euro,217,3
Gazeta_Wyborcza,zamach_hebdo_end,referendum,201,4
Gazeta_Wyborcza,zamach_hebdo_end,rzad,181,5
Gazeta_Wyborcza,zamach_hebdo_end,pomoc,162,6
Gazeta_Wyborcza,zamach_hebdo_end,grecki,157,7
Gazeta_Wyborcza,zamach_hebdo_end,program,155,8
Gazeta_Wyborcza,zamach_hebdo_end,strefa,149,9
Gazeta_Wyborcza,zamach_hebdo_end,rozmowa,148,10
Gazeta_Wyborcza,zamach_hebdo_start,grecja,327,1
Gazeta_Wyborcza,zamach_hebdo_start,rzad,264,2
Gazeta_Wyborcza,zamach_hebdo_start,program,249,3
Gazeta_Wyborcza,zamach_hebdo_start,referendum,249,4
Gazeta_Wyborcza,zamach_hebdo_start,euro,198,5
Gazeta_Wyborcza,zamach_hebdo_start,kopacz,168,6
Gazeta_Wyborcza,zamach_hebdo_start,grecki,168,7
Gazeta_Wyborcza,zamach_hebdo_start,premiera,159,8
Gazeta_Wyborcza,zamach_hebdo_start,pomoc,147,9
Gazeta_Wyborcza,zamach_hebdo_start,policja,145,10
Gazeta_Wyborcza,zamach_paryz_end,paryz,595,1
Gazeta_Wyborcza,zamach_paryz_end,zamach,524,2
Gazeta_Wyborcza,zamach_paryz_end,francja,309,3
Gazeta_Wyborcza,zamach_paryz_end,atak,249,4
Gazeta_Wyborcza,zamach_paryz_end,islamski,228,5
Gazeta_Wyborcza,zamach_paryz_end,terrorysta,218,6
Gazeta_Wyborcza,zamach_paryz_end,syria,155,7
Gazeta_Wyborcza,zamach_paryz_end,sluzba,152,8
Gazeta_Wyborcza,zamach_paryz_end,minister,152,9
Gazeta_Wyborcza,zamach_paryz_end,francuski,140,10
Gazeta_Wyborcza,zamach_paryz_start,rzad,210,1
Gazeta_Wyborcza,zamach_paryz_start,minister,174,2
Gazeta_Wyborcza,zamach_paryz_start,pis,142,3
Gazeta_Wyborcza,zamach_paryz_start,premiera,120,4
Gazeta_Wyborcza,zamach_paryz_start,sejm,118,5
Gazeta_Wyborcza,zamach_paryz_start,szydlo,95,6
Gazeta_Wyborcza,zamach_paryz_start,listopad,92,7
Gazeta_Wyborcza,zamach_paryz_start,katastrofa,85,8
Gazeta_Wyborcza,zamach_paryz_start,kopacz,81,9
Gazeta_Wyborcza,zamach_paryz_start,rosyjski,81,10
Nasz_Dziennik,afera_podsl_end,prawo,120,1
Nasz_Dziennik,afera_podsl_end,rzad,116,2
Nasz_Dziennik,afera_podsl_end,ukraina,90,3
Nasz_Dziennik,afera_podsl_end,minister,87,4
Nasz_Dziennik,afera_podsl_end,rozmowa,81,5
Nasz_Dziennik,afera_podsl_end,pieniadz,80,6
Nasz_Dziennik,afera_podsl_end,wladza,69,7
Nasz_Dziennik,afera_podsl_end,prokuratura,66,8
Nasz_Dziennik,afera_podsl_end,prezes,64,9
Nasz_Dziennik,afera_podsl_end,tusk,63,10
Nasz_Dziennik,afera_podsl_start,lekarz,147,1
Nasz_Dziennik,afera_podsl_start,prawo,134,2
Nasz_Dziennik,afera_podsl_start,ukraina,92,3
Nasz_Dziennik,afera_podsl_start,sumienie,72,4
Nasz_Dziennik,afera_podsl_start,profesor,72,5
Nasz_Dziennik,afera_podsl_start,rosja,61,6
Nasz_Dziennik,afera_podsl_start,pomoc,57,7
Nasz_Dziennik,afera_podsl_start,ksiadz,53,8
Nasz_Dziennik,afera_podsl_start,aborcja,51,9
Nasz_Dziennik,afera_podsl_start,chazan,50,10
Nasz_Dziennik,janukowycz_end,ukraina,276,1
Nasz_Dziennik,janukowycz_end,zolnierz,142,2
Nasz_Dziennik,janukowycz_end,janukowycz,118,3
Nasz_Dziennik,janukowycz_end,rosyjski,114,4
Nasz_Dziennik,janukowycz_end,rosja,106,5
Nasz_Dziennik,janukowycz_end,prawo,99,6
Nasz_Dziennik,janukowycz_end,ukrainski,95,7
Nasz_Dziennik,janukowycz_end,wladza,90,8
Nasz_Dziennik,janukowycz_end,rzad,82,9
Nasz_Dziennik,janukowycz_end,wyklac,80,10
Nasz_Dziennik,janukowycz_start,ukraina,107,1
Nasz_Dziennik,janukowycz_start,prawo,89,2
Nasz_Dziennik,janukowycz_start,rzad,69,3
Nasz_Dziennik,janukowycz_start,wladza,62,4
Nasz_Dziennik,janukowycz_start,program,60,5
Nasz_Dziennik,janukowycz_start,opozycja,57,6
Nasz_Dziennik,janukowycz_start,zolnierz,57,7
Nasz_Dziennik,janukowycz_start,lotnisko,56,8
Nasz_Dziennik,janukowycz_start,ksiadz,54,9
Nasz_Dziennik,janukowycz_start,srodek,53,10
Nasz_Dziennik,jp2_swiety_end,ukraina,67,1
Nasz_Dziennik,jp2_swiety_end,rosyjski,57,2
Nasz_Dziennik,jp2_swiety_end,rosja,43,3
Nasz_Dziennik,jp2_swiety_end,wielki,43,4
Nasz_Dziennik,jp2_swiety_end,minister,40,5
Nasz_Dziennik,jp2_swiety_end,prawo,38,6
Nasz_Dziennik,jp2_swiety_end,wladza,37,7
Nasz_Dziennik,jp2_swiety_end,ksiadz,37,8
Nasz_Dziennik,jp2_swiety_end,swiety,37,9
Nasz_Dziennik,jp2_swiety_end,pomoc,37,10
Nasz_Dziennik,jp2_swiety_start,pawel,84,1
Nasz_Dziennik,jp2_swiety_start,swiety,69,2
Nasz_Dziennik,jp2_swiety_start,ukraina,66,3
Nasz_Dziennik,jp2_swiety_start,rzad,51,4
Nasz_Dziennik,jp2_swiety_start,polak,47,5
Nasz_Dziennik,jp2_swiety_start,minister,47,6
Nasz_Dziennik,jp2_swiety_start,wielki,42,7
Nasz_Dziennik,jp2_swiety_start,papiez,42,8
Nasz_Dziennik,jp2_swiety_start,rosja,41,9
Nasz_Dziennik,jp2_swiety_start,wladza,40,10
Nasz_Dziennik,kopacz_start_end,konwencja,112,1
Nasz_Dziennik,kopacz_start_end,rodzina,99,2
Nasz_Dziennik,kopacz_start_end,zolnierz,92,3
Nasz_Dziennik,kopacz_start_end,przemoc,91,4
Nasz_Dziennik,kopacz_start_end,wojskowy,90,5
Nasz_Dziennik,kopacz_start_end,warszawa,81,6
Nasz_Dziennik,kopacz_start_end,ustawa,73,7
Nasz_Dziennik,kopacz_start_end,prawo,71,8
Nasz_Dziennik,kopacz_start_end,kobieta,67,9
Nasz_Dziennik,kopacz_start_end,wrzesien,64,10
Nasz_Dziennik,kopacz_start_start,rzad,90,1
Nasz_Dziennik,kopacz_start_start,rosja,77,2
Nasz_Dziennik,kopacz_start_start,zolnierz,72,3
Nasz_Dziennik,kopacz_start_start,prawo,70,4
Nasz_Dziennik,kopacz_start_start,polak,67,5
Nasz_Dziennik,kopacz_start_start,profesor,60,6
Nasz_Dziennik,kopacz_start_start,rodzina,59,7
Nasz_Dziennik,kopacz_start_start,rosyjski,58,8
Nasz_Dziennik,kopacz_start_start,ukraina,56,9
Nasz_Dziennik,kopacz_start_start,minister,55,10
Nasz_Dziennik,krym_ref_end,rosja,221,1
Nasz_Dziennik,krym_ref_end,ukraina,182,2
Nasz_Dziennik,krym_ref_end,rosyjski,161,3
Nasz_Dziennik,krym_ref_end,krym,151,4
Nasz_Dziennik,krym_ref_end,minister,99,5
Nasz_Dziennik,krym_ref_end,prawo,86,6
Nasz_Dziennik,krym_ref_end,rodzina,81,7
Nasz_Dziennik,krym_ref_end,putin,79,8
Nasz_Dziennik,krym_ref_end,rzad,73,9
Nasz_Dziennik,krym_ref_end,ukrainski,70,10
Nasz_Dziennik,krym_ref_start,urodzony,249,1
Nasz_Dziennik,krym_ref_start,powiat,209,2
Nasz_Dziennik,krym_ref_start,ukraina,174,3
Nasz_Dziennik,krym_ref_start,zonaty,141,4
Nasz_Dziennik,krym_ref_start,zamieszkaly,141,5
Nasz_Dziennik,krym_ref_start,rzad,133,6
Nasz_Dziennik,krym_ref_start,rosja,130,7
Nasz_Dziennik,krym_ref_start,rosyjski,128,8
Nasz_Dziennik,krym_ref_start,krym,107,9
Nasz_Dziennik,krym_ref_start,kawaler,100,10
Nasz_Dziennik,obama_pol_end,ukraina,195,1
Nasz_Dziennik,obama_pol_end,rosyjski,151,2
Nasz_Dziennik,obama_pol_end,rosja,146,3
Nasz_Dziennik,obama_pol_end,krym,124,4
Nasz_Dziennik,obama_pol_end,rzad,109,5
Nasz_Dziennik,obama_pol_end,wladza,88,6
Nasz_Dziennik,obama_pol_end,ukrainski,82,7
Nasz_Dziennik,obama_pol_end,minister,82,8
Nasz_Dziennik,obama_pol_end,zolnierz,78,9
Nasz_Dziennik,obama_pol_end,wojskowy,74,10
Nasz_Dziennik,obama_pol_start,ukraina,397,1
Nasz_Dziennik,obama_pol_start,rosyjski,221,2
Nasz_Dziennik,obama_pol_start,rosja,217,3
Nasz_Dziennik,obama_pol_start,zolnierz,199,4
Nasz_Dziennik,obama_pol_start,krym,147,5
Nasz_Dziennik,obama_pol_start,ukrainski,110,6
Nasz_Dziennik,obama_pol_start,wyklac,106,7
Nasz_Dziennik,obama_pol_start,putin,101,8
Nasz_Dziennik,obama_pol_start,wojskowy,99,9
Nasz_Dziennik,obama_pol_start,wladza,96,10
Nasz_Dziennik,papiez_fran_end,rzad,60,1
Nasz_Dziennik,papiez_fran_end,telewizja,49,2
Nasz_Dziennik,papiez_fran_end,program,48,3
Nasz_Dziennik,papiez_fran_end,rodzina,48,4
Nasz_Dziennik,papiez_fran_end,prawo,45,5
Nasz_Dziennik,papiez_fran_end,pomoc,43,6
Nasz_Dziennik,papiez_fran_end,obrona,42,7
Nasz_Dziennik,papiez_fran_end,trwac,42,8
Nasz_Dziennik,papiez_fran_end,minister,41,9
Nasz_Dziennik,papiez_fran_end,system,38,10
Nasz_Dziennik,papiez_fran_start,rzad,129,1
Nasz_Dziennik,papiez_fran_start,prawo,77,2
Nasz_Dziennik,papiez_fran_start,zwiazek,65,3
Nasz_Dziennik,papiez_fran_start,organizacja,63,4
Nasz_Dziennik,papiez_fran_start,posel,59,5
Nasz_Dziennik,papiez_fran_start,rosja,58,6
Nasz_Dziennik,papiez_fran_start,zolnierz,58,7
Nasz_Dziennik,papiez_fran_start,rosyjski,57,8
Nasz_Dziennik,papiez_fran_start,europejski,57,9
Nasz_Dziennik,papiez_fran_start,polak,56,10
Nasz_Dziennik,samolot_ukr_end,samolot,187,1
Nasz_Dziennik,samolot_ukr_end,ukraina,186,2
Nasz_Dziennik,samolot_ukr_end,rosja,145,3
Nasz_Dziennik,samolot_ukr_end,separatysta,124,4
Nasz_Dziennik,samolot_ukr_end,profesor,121,5
Nasz_Dziennik,samolot_ukr_end,katastrofa,118,6
Nasz_Dziennik,samolot_ukr_end,lekarz,113,7
Nasz_Dziennik,samolot_ukr_end,ukrainski,100,8
Nasz_Dziennik,samolot_ukr_end,szpital,95,9
Nasz_Dziennik,samolot_ukr_end,chazan,79,10
Nasz_Dziennik,samolot_ukr_start,profesor,187,1
Nasz_Dziennik,samolot_ukr_start,lekarz,172,2
Nasz_Dziennik,samolot_ukr_start,prawo,164,3
Nasz_Dziennik,samolot_ukr_start,szpital,144,4
Nasz_Dziennik,samolot_ukr_start,rodzina,106,5
Nasz_Dziennik,samolot_ukr_start,chazan,102,6
Nasz_Dziennik,samolot_ukr_start,aborcja,90,7
Nasz_Dziennik,samolot_ukr_start,warszawa,87,8
Nasz_Dziennik,samolot_ukr_start,sumienie,74,9
Nasz_Dziennik,samolot_ukr_start,matka,72,10
Nasz_Dziennik,tusk_ue_end,prawo,125,1
Nasz_Dziennik,tusk_ue_end,rzad,107,2
Nasz_Dziennik,tusk_ue_end,polak,80,3
Nasz_Dziennik,tusk_ue_end,minister,74,4
Nasz_Dziennik,tusk_ue_end,program,68,5
Nasz_Dziennik,tusk_ue_end,ustawa,64,6
Nasz_Dziennik,tusk_ue_end,kosciol,62,7
Nasz_Dziennik,tusk_ue_end,komisja,57,8
Nasz_Dziennik,tusk_ue_end,podkreslac,56,9
Nasz_Dziennik,tusk_ue_end,panstwowy,56,10
Nasz_Dziennik,tusk_ue_start,panstwowy,106,1
Nasz_Dziennik,tusk_ue_start,minister,82,2
Nasz_Dziennik,tusk_ue_start,rzad,78,3
Nasz_Dziennik,tusk_ue_start,prawo,70,4
Nasz_Dziennik,tusk_ue_start,komisja,69,5
Nasz_Dziennik,tusk_ue_start,posel,67,6
Nasz_Dziennik,tusk_ue_start,ustawa,65,7
Nasz_Dziennik,tusk_ue_start,zmiana,58,8
Nasz_Dziennik,tusk_ue_start,miasto,53,9
Nasz_Dziennik,tusk_ue_start,wladza,53,10
Nasz_Dziennik,wybory_parl_end,prawo,64,1
Nasz_Dziennik,wybory_parl_end,platforma,57,2
Nasz_Dziennik,wybory_parl_end,pis,56,3
Nasz_Dziennik,wybory_parl_end,rzad,53,4
Nasz_Dziennik,wybory_parl_end,komisja,52,5
Nasz_Dziennik,wybory_parl_end,sejm,48,6
Nasz_Dziennik,wybory_parl_end,polak,47,7
Nasz_Dziennik,wybory_parl_end,sprawiedliwosc,43,8
Nasz_Dziennik,wybory_parl_end,andrzej,41,9
Nasz_Dziennik,wybory_parl_end,partia,40,10
Nasz_Dziennik,wybory_parl_start,pis,80,1
Nasz_Dziennik,wybory_parl_start,prawo,69,2
Nasz_Dziennik,wybory_parl_start,rzad,65,3
Nasz_Dziennik,wybory_parl_start,platforma,60,4
Nasz_Dziennik,wybory_parl_start,polak,55,5
Nasz_Dziennik,wybory_parl_start,debata,52,6
Nasz_Dziennik,wybory_parl_start,kopacz,48,7
Nasz_Dziennik,wybory_parl_start,ustawa,42,8
Nasz_Dziennik,wybory_parl_start,mama,41,9
Nasz_Dziennik,wybory_parl_start,szydlo,37,10
Nasz_Dziennik,wybory_pe_end,jaruzelski,103,1
Nasz_Dziennik,wybory_pe_end,rodzina,92,2
Nasz_Dziennik,wybory_pe_end,general,60,3
Nasz_Dziennik,wybory_pe_end,mama,57,4
Nasz_Dziennik,wybory_pe_end,wladza,57,5
Nasz_Dziennik,wybory_pe_end,polityczny,55,6
Nasz_Dziennik,wybory_pe_end,sowiecki,53,7
Nasz_Dziennik,wybory_pe_end,wojskowy,51,8
Nasz_Dziennik,wybory_pe_end,pis,50,9
Nasz_Dziennik,wybory_pe_end,polak,50,10
Nasz_Dziennik,wybory_pe_start,pomnik,63,1
Nasz_Dziennik,wybory_pe_start,europejski,58,2
Nasz_Dziennik,wybory_pe_start,rosja,55,3
Nasz_Dziennik,wybory_pe_start,ukraina,52,4
Nasz_Dziennik,wybory_pe_start,mama,51,5
Nasz_Dziennik,wybory_pe_start,cassino,51,6
Nasz_Dziennik,wybory_pe_start,polak,51,7
Nasz_Dziennik,wybory_pe_start,rodzina,48,8
Nasz_Dziennik,wybory_pe_start,zolnierz,48,9
Nasz_Dziennik,wybory_pe_start,rozmowa,44,10
Nasz_Dziennik,wybory_prez1_end,mama,45,1
Nasz_Dziennik,wybory_prez1_end,rzad,45,2
Nasz_Dziennik,wybory_prez1_end,prokuratura,45,3
Nasz_Dziennik,wybory_prez1_end,polityk,42,4
Nasz_Dziennik,wybory_prez1_end,ustawa,35,5
Nasz_Dziennik,wybory_prez1_end,partia,34,6
Nasz_Dziennik,wybory_prez1_end,prawo,34,7
Nasz_Dziennik,wybory_prez1_end,platforma,34,8
Nasz_Dziennik,wybory_prez1_end,wielki,33,9
Nasz_Dziennik,wybory_prez1_end,wladza,31,10
Nasz_Dziennik,wybory_prez1_start,rzad,77,1
Nasz_Dziennik,wybory_prez1_start,prawo,74,2
Nasz_Dziennik,wybory_prez1_start,polak,58,3
Nasz_Dziennik,wybory_prez1_start,ustawa,56,4
Nasz_Dziennik,wybory_prez1_start,miedzynarodowy,46,5
Nasz_Dziennik,wybory_prez1_start,pis,45,6
Nasz_Dziennik,wybory_prez1_start,mama,44,7
Nasz_Dziennik,wybory_prez1_start,polityk,42,8
Nasz_Dziennik,wybory_prez1_start,duda,40,9
Nasz_Dziennik,wybory_prez1_start,wladza,39,10
Nasz_Dziennik,wybory_prez2_end,duda,85,1
Nasz_Dziennik,wybory_prez2_end,rodzina,64,2
Nasz_Dziennik,wybory_prez2_end,andrzej,60,3
Nasz_Dziennik,wybory_prez2_end,mama,47,4
Nasz_Dziennik,wybory_prez2_end,polak,45,5
Nasz_Dziennik,wybory_prez2_end,rzad,44,6
Nasz_Dziennik,wybory_prez2_end,smiglowiec,40,7
Nasz_Dziennik,wybory_prez2_end,narod,39,8
Nasz_Dziennik,wybory_prez2_end,wladza,35,9
Nasz_Dziennik,wybory_prez2_end,firma,35,10
Nasz_Dziennik,wybory_prez2_start,komorowski,97,1
Nasz_Dziennik,wybory_prez2_start,duda,84,2
Nasz_Dziennik,wybory_prez2_start,andrzej,79,3
Nasz_Dziennik,wybory_prez2_start,prawo,65,4
Nasz_Dziennik,wybory_prez2_start,polak,48,5
Nasz_Dziennik,wybory_prez2_start,wladza,41,6
Nasz_Dziennik,wybory_prez2_start,sejm,40,7
Nasz_Dziennik,wybory_prez2_start,kandydat,39,8
Nasz_Dziennik,wybory_prez2_start,urzad,37,9
Nasz_Dziennik,wybory_prez2_start,mama,37,10
Nasz_Dziennik,wybory_samorz_end,komisja,208,1
Nasz_Dziennik,wybory_samorz_end,wyborczy,198,2
Nasz_Dziennik,wybory_samorz_end,system,194,3
Nasz_Dziennik,wybory_samorz_end,glos,153,4
Nasz_Dziennik,wybory_samorz_end,pis,107,5
Nasz_Dziennik,wybory_samorz_end,prawo,96,6
Nasz_Dziennik,wybory_samorz_end,samorzadowy,75,7
Nasz_Dziennik,wybory_samorz_end,miasto,72,8
Nasz_Dziennik,wybory_samorz_end,protokol,71,9
Nasz_Dziennik,wybory_samorz_end,sejmik,71,10
Nasz_Dziennik,wybory_samorz_start,prawo,68,1
Nasz_Dziennik,wybory_samorz_start,posel,67,2
Nasz_Dziennik,wybory_samorz_start,niepodleglosc,67,3
Nasz_Dziennik,wybory_samorz_start,marsz,64,4
Nasz_Dziennik,wybory_samorz_start,krzyz,58,5
Nasz_Dziennik,wybory_samorz_start,wielki,53,6
Nasz_Dziennik,wybory_samorz_start,rzad,51,7
Nasz_Dziennik,wybory_samorz_start,policja,51,8
Nasz_Dziennik,wybory_samorz_start,zlozyc,48,9
Nasz_Dziennik,wybory_samorz_start,rodzina,46,10
Nasz_Dziennik,zamach_bruks_end,bezpieczenstwo,44,1
Nasz_Dziennik,zamach_bruks_end,sluzba,39,2
Nasz_Dziennik,zamach_bruks_end,europejski,37,3
Nasz_Dziennik,zamach_bruks_end,zamach,32,4
Nasz_Dziennik,zamach_bruks_end,minister,32,5
Nasz_Dziennik,zamach_bruks_end,mama,30,6
Nasz_Dziennik,zamach_bruks_end,bruksela,27,7
Nasz_Dziennik,zamach_bruks_end,europ,26,8
Nasz_Dziennik,zamach_bruks_end,prawo,24,9
Nasz_Dziennik,zamach_bruks_end,terrorystyczny,24,10
Nasz_Dziennik,zamach_bruks_start,rodzina,95,1
Nasz_Dziennik,zamach_bruks_start,prawo,73,2
Nasz_Dziennik,zamach_bruks_start,polak,69,3
Nasz_Dziennik,zamach_bruks_start,minister,63,4
Nasz_Dziennik,zamach_bruks_start,muzeum,55,5
Nasz_Dziennik,zamach_bruks_start,komisja,54,6
Nasz_Dziennik,zamach_bruks_start,ustawa,52,7
Nasz_Dziennik,zamach_bruks_start,ulmow,47,8
Nasz_Dziennik,zamach_bruks_start,europejski,46,9
Nasz_Dziennik,zamach_bruks_start,andrzej,43,10
Nasz_Dziennik,zamach_hebdo_end,program,54,1
Nasz_Dziennik,zamach_hebdo_end,prawo,51,2
Nasz_Dziennik,zamach_hebdo_end,ustawa,49,3
Nasz_Dziennik,zamach_hebdo_end,mama,47,4
Nasz_Dziennik,zamach_hebdo_end,rzad,46,5
Nasz_Dziennik,zamach_hebdo_end,grecja,42,6
Nasz_Dziennik,zamach_hebdo_end,vitro,41,7
Nasz_Dziennik,zamach_hebdo_end,komorowski,38,8
Nasz_Dziennik,zamach_hebdo_end,miliard,37,9
Nasz_Dziennik,zamach_hebdo_end,euro,37,10
Nasz_Dziennik,zamach_hebdo_start,rzad,85,1
Nasz_Dziennik,zamach_hebdo_start,ustawa,65,2
Nasz_Dziennik,zamach_hebdo_start,mama,47,3
Nasz_Dziennik,zamach_hebdo_start,prawo,41,4
Nasz_Dziennik,zamach_hebdo_start,sejm,36,5
Nasz_Dziennik,zamach_hebdo_start,dziennik,34,6
Nasz_Dziennik,zamach_hebdo_start,akcja,32,7
Nasz_Dziennik,zamach_hebdo_start,zwiazek,32,8
Nasz_Dziennik,zamach_hebdo_start,rosja,31,9
Nasz_Dziennik,zamach_hebdo_start,referendum,31,10
Nasz_Dziennik,zamach_paryz_end,rzad,114,1
Nasz_Dziennik,zamach_paryz_end,sluzba,101,2
Nasz_Dziennik,zamach_paryz_end,zamach,94,3
Nasz_Dziennik,zamach_paryz_end,francja,76,4
Nasz_Dziennik,zamach_paryz_end,zagrozic,71,5
Nasz_Dziennik,zamach_paryz_end,polityk,71,6
Nasz_Dziennik,zamach_paryz_end,bezpieczenstwo,67,7
Nasz_Dziennik,zamach_paryz_end,paryz,65,8
Nasz_Dziennik,zamach_paryz_end,komisja,63,9
Nasz_Dziennik,zamach_paryz_end,posel,61,10
Nasz_Dziennik,zamach_paryz_start,sejm,73,1
Nasz_Dziennik,zamach_paryz_start,rzad,61,2
Nasz_Dziennik,zamach_paryz_start,niepodleglosc,56,3
Nasz_Dziennik,zamach_paryz_start,mama,49,4
Nasz_Dziennik,zamach_paryz_start,polak,47,5
Nasz_Dziennik,zamach_paryz_start,minister,43,6
Nasz_Dziennik,zamach_paryz_start,duda,40,7
Nasz_Dziennik,zamach_paryz_start,rzeczpospolita,39,8
Nasz_Dziennik,zamach_paryz_start,posel,38,9
Nasz_Dziennik,zamach_paryz_start,prawo,35,10
Super_Express,afera_podsl_end,ukraina,12,1
Super_Express,afera_podsl_end,rosja,11,2
Super_Express,afera_podsl_end,petro,11,3
Super_Express,afera_podsl_end,ukrainski,11,4
Super_Express,afera_podsl_end,kobieta,9,5
Super_Express,afera_podsl_end,victoria,8,6
Super_Express,afera_podsl_end,samolot,7,7
Super_Express,afera_podsl_end,trumna,7,8
Super_Express,afera_podsl_end,waglik,7,9
Super_Express,afera_podsl_end,babcia,7,10
Super_Express,afera_podsl_start,rodzina,15,1
Super_Express,afera_podsl_start,mezczyzna,14,2
Super_Express,afera_podsl_start,ukraina,13,3
Super_Express,afera_podsl_start,wielki,11,4
Super_Express,afera_podsl_start,policja,10,5
Super_Express,afera_podsl_start,kobieta,10,6
Super_Express,afera_podsl_start,koniec,9,7
Super_Express,afera_podsl_start,morgan,9,8
Super_Express,afera_podsl_start,separatysta,9,9
Super_Express,afera_podsl_start,swiat,9,10
Super_Express,janukowycz_end,janukowycz,129,1
Super_Express,janukowycz_end,ukraina,113,2
Super_Express,janukowycz_end,rosyjski,62,3
Super_Express,janukowycz_end,wiktor,54,4
Super_Express,janukowycz_end,krym,53,5
Super_Express,janukowycz_end,ukrainski,48,6
Super_Express,janukowycz_end,rosja,44,7
Super_Express,janukowycz_end,wladza,33,8
Super_Express,janukowycz_end,minister,30,9
Super_Express,janukowycz_end,majdac,29,10
Super_Express,janukowycz_start,ukraina,53,1
Super_Express,janukowycz_start,wladza,27,2
Super_Express,janukowycz_start,ranny,26,3
Super_Express,janukowycz_start,janukowycz,19,4
Super_Express,janukowycz_start,minister,17,5
Super_Express,janukowycz_start,demonstrant,15,6
Super_Express,janukowycz_start,milicja,15,7
Super_Express,janukowycz_start,ofiara,15,8
Super_Express,janukowycz_start,majdac,14,9
Super_Express,janukowycz_start,unia,14,10
Super_Express,jp2_swiety_end,ukraina,26,1
Super_Express,jp2_swiety_end,separatysta,26,2
Super_Express,jp2_swiety_end,prorosyjski,15,3
Super_Express,jp2_swiety_end,slowianski,13,4
Super_Express,jp2_swiety_end,ukrainski,12,5
Super_Express,jp2_swiety_end,atak,11,6
Super_Express,jp2_swiety_end,kobieta,11,7
Super_Express,jp2_swiety_end,podac,10,8
Super_Express,jp2_swiety_end,budynek,9,9
Super_Express,jp2_swiety_end,putin,9,10
Super_Express,jp2_swiety_start,ukraina,20,1
Super_Express,jp2_swiety_start,papiez,14,2
Super_Express,jp2_swiety_start,separatysta,13,3
Super_Express,jp2_swiety_start,rosyjski,11,4
Super_Express,jp2_swiety_start,rosja,10,5
Super_Express,jp2_swiety_start,obwe,10,6
Super_Express,jp2_swiety_start,nica,10,7
Super_Express,jp2_swiety_start,ojciec,10,8
Super_Express,jp2_swiety_start,wielki,9,9
Super_Express,jp2_swiety_start,kobieta,9,10
Super_Express,kopacz_start_end,wesolowski,31,1
Super_Express,kopacz_start_end,posel,30,2
Super_Express,kopacz_start_end,wasiak,26,3
Super_Express,kopacz_start_end,minister,26,4
Super_Express,kopacz_start_end,zarzad,25,5
Super_Express,kopacz_start_end,bienkowski,24,6
Super_Express,kopacz_start_end,stan,23,7
Super_Express,kopacz_start_end,czlonek,22,8
Super_Express,kopacz_start_end,schetyna,21,9
Super_Express,kopacz_start_end,wielki,19,10
Super_Express,kopacz_start_start,minister,105,1
Super_Express,kopacz_start_start,rzad,54,2
Super_Express,kopacz_start_start,kopacz,54,3
Super_Express,kopacz_start_start,ukraina,26,4
Super_Express,kopacz_start_start,rosja,24,5
Super_Express,kopacz_start_start,wielki,23,6
Super_Express,kopacz_start_start,sprawiedliwosc,22,7
Super_Express,kopacz_start_start,stanowisko,21,8
Super_Express,kopacz_start_start,polityk,21,9
Super_Express,kopacz_start_start,premiera,20,10
Super_Express,krym_ref_end,krym,88,1
Super_Express,krym_ref_end,rosja,70,2
Super_Express,krym_ref_end,samolot,69,3
Super_Express,krym_ref_end,rosyjski,56,4
Super_Express,krym_ref_end,ukraina,45,5
Super_Express,krym_ref_end,putin,41,6
Super_Express,krym_ref_end,ukrainski,36,7
Super_Express,krym_ref_end,boeing,31,8
Super_Express,krym_ref_end,wladza,30,9
Super_Express,krym_ref_end,poszukiwac,23,10
Super_Express,krym_ref_start,samolot,87,1
Super_Express,krym_ref_start,ukraina,67,2
Super_Express,krym_ref_start,krym,53,3
Super_Express,krym_ref_start,rosja,47,4
Super_Express,krym_ref_start,putin,36,5
Super_Express,krym_ref_start,boeing,30,6
Super_Express,krym_ref_start,rosyjski,30,7
Super_Express,krym_ref_start,zniknac,29,8
Super_Express,krym_ref_start,radar,27,9
Super_Express,krym_ref_start,godzina,23,10
Super_Express,obama_pol_end,ukraina,87,1
Super_Express,obama_pol_end,rosja,76,2
Super_Express,obama_pol_end,samolot,70,3
Super_Express,obama_pol_end,krym,67,4
Super_Express,obama_pol_end,putin,66,5
Super_Express,obama_pol_end,rosyjski,45,6
Super_Express,obama_pol_end,wladza,29,7
Super_Express,obama_pol_end,wladimir,27,8
Super_Express,obama_pol_end,rosjanin,25,9
Super_Express,obama_pol_end,amerykanski,22,10
Super_Express,obama_pol_start,ukraina,218,1
Super_Express,obama_pol_start,rosyjski,158,2
Super_Express,obama_pol_start,rosja,152,3
Super_Express,obama_pol_start,krym,128,4
Super_Express,obama_pol_start,putin,125,5
Super_Express,obama_pol_start,janukowycz,94,6
Super_Express,obama_pol_start,ukrainski,76,7
Super_Express,obama_pol_start,zolnierz,60,8
Super_Express,obama_pol_start,wladza,52,9
Super_Express,obama_pol_start,tvn,44,10
Super_Express,papiez_fran_end,papiez,97,1
Super_Express,papiez_fran_end,swiety,35,2
Super_Express,papiez_fran_end,franciszka,30,3
Super_Express,papiez_fran_end,kosciol,29,4
Super_Express,papiez_fran_end,swiat,28,5
Super_Express,papiez_fran_end,kardynal,27,6
Super_Express,papiez_fran_end,franciszek,19,7
Super_Express,papiez_fran_end,ojciec,19,8
Super_Express,papiez_fran_end,biskup,18,9
Super_Express,papiez_fran_end,bergoglio,16,10
Super_Express,papiez_fran_start,kardynal,40,1
Super_Express,papiez_fran_start,konklawe,27,2
Super_Express,papiez_fran_start,papiez,27,3
Super_Express,papiez_fran_start,kaplica,23,4
Super_Express,papiez_fran_start,wybrac,20,5
Super_Express,papiez_fran_start,sykstynski,16,6
Super_Express,papiez_fran_start,nowe,16,7
Super_Express,papiez_fran_start,godzina,15,8
Super_Express,papiez_fran_start,glosowac,14,9
Super_Express,papiez_fran_start,bialy,11,10
Super_Express,samolot_ukr_end,samolot,143,1
Super_Express,samolot_ukr_end,ukraina,76,2
Super_Express,samolot_ukr_end,zestrzelic,64,3
Super_Express,samolot_ukr_end,katastrofa,63,4
Super_Express,samolot_ukr_end,separatysta,56,5
Super_Express,samolot_ukr_end,ofiara,52,6
Super_Express,samolot_ukr_end,boeing,51,7
Super_Express,samolot_ukr_end,malezyjski,46,8
Super_Express,samolot_ukr_end,lotniczy,44,9
Super_Express,samolot_ukr_end,putin,43,10
Super_Express,samolot_ukr_start,izrael,21,1
Super_Express,samolot_ukr_start,strefa,19,2
Super_Express,samolot_ukr_start,tusk,18,3
Super_Express,samolot_ukr_start,kobieta,18,4
Super_Express,samolot_ukr_start,afera,17,5
Super_Express,samolot_ukr_start,ukraina,17,6
Super_Express,samolot_ukr_start,pis,17,7
Super_Express,samolot_ukr_start,zaufac,17,8
Super_Express,samolot_ukr_start,partia,16,9
Super_Express,samolot_ukr_start,kart,16,10
Super_Express,tusk_ue_end,film,24,1
Super_Express,tusk_ue_end,american,22,2
Super_Express,tusk_ue_end,hustle,19,3
Super_Express,tusk_ue_end,oscar,18,4
Super_Express,tusk_ue_end,zniewolic,16,5
Super_Express,tusk_ue_end,phillips,15,6
Super_Express,tusk_ue_end,grawitacja,15,7
Super_Express,tusk_ue_end,nominowac,14,8
Super_Express,tusk_ue_end,wall,14,9
Super_Express,tusk_ue_end,francja,14,10
Super_Express,tusk_ue_start,brytyjski,12,1
Super_Express,tusk_ue_start,mezczyzna,12,2
Super_Express,tusk_ue_start,wielki,12,3
Super_Express,tusk_ue_start,polak,12,4
Super_Express,tusk_ue_start,krol,9,5
Super_Express,tusk_ue_start,imigrant,9,6
Super_Express,tusk_ue_start,wyspa,9,7
Super_Express,tusk_ue_start,brytania,9,8
Super_Express,tusk_ue_start,kobieta,9,9
Super_Express,tusk_ue_start,smierc,8,10
Super_Express,wybory_parl_end,okreg,161,1
Super_Express,wybory_parl_end,pis,160,2
Super_Express,wybory_parl_end,wyborczy,120,3
Super_Express,wybory_parl_end,partia,111,4
Super_Express,wybory_parl_end,sejm,101,5
Super_Express,wybory_parl_end,kaczynski,100,6
Super_Express,wybory_parl_end,prawo,89,7
Super_Express,wybory_parl_end,warszawa,80,8
Super_Express,wybory_parl_end,rzad,73,9
Super_Express,wybory_parl_end,sprawiedliwosc,71,10
Super_Express,wybory_parl_start,debata,254,1
Super_Express,wybory_parl_start,kopacz,250,2
Super_Express,wybory_parl_start,szydlo,159,3
Super_Express,wybory_parl_start,partia,146,4
Super_Express,wybory_parl_start,kukiz,133,5
Super_Express,wybory_parl_start,wyborczy,127,6
Super_Express,wybory_parl_start,pis,124,7
Super_Express,wybory_parl_start,sejm,100,8
Super_Express,wybory_parl_start,lider,86,9
Super_Express,wybory_parl_start,kandydat,83,10
Super_Express,wybory_pe_end,swiat,16,1
Super_Express,wybory_pe_end,donieck,12,2
Super_Express,wybory_pe_end,ukraina,10,3
Super_Express,wybory_pe_end,mezczyzna,9,4
Super_Express,wybory_pe_end,kilogram,9,5
Super_Express,wybory_pe_end,separatysta,9,6
Super_Express,wybory_pe_end,kobieta,9,7
Super_Express,wybory_pe_end,szkola,8,8
Super_Express,wybory_pe_end,sierzant,7,9
Super_Express,wybory_pe_end,wczoraj,7,10
Super_Express,wybory_pe_start,putin,20,1
Super_Express,wybory_pe_start,wielki,16,2
Super_Express,wybory_pe_start,ukraina,14,3
Super_Express,wybory_pe_start,rosja,12,4
Super_Express,wybory_pe_start,rosyjski,12,5
Super_Express,wybory_pe_start,partia,11,6
Super_Express,wybory_pe_start,wladimir,11,7
Super_Express,wybory_pe_start,balkany,11,8
Super_Express,wybory_pe_start,wojsko,11,9
Super_Express,wybory_pe_start,wczoraj,10,10
Super_Express,wybory_prez1_end,policja,73,1
Super_Express,wybory_prez1_end,mezczyzna,63,2
Super_Express,wybory_prez1_end,pis,63,3
Super_Express,wybory_prez1_end,kobieta,61,4
Super_Express,wybory_prez1_end,pazdziernik,52,5
Super_Express,wybory_prez1_end,udzial,48,6
Super_Express,wybory_prez1_end,posel,47,7
Super_Express,wybory_prez1_end,ksiadz,46,8
Super_Express,wybory_prez1_end,warszawa,45,9
Super_Express,wybory_prez1_end,mieszkaniec,45,10
Super_Express,wybory_prez1_start,mezczyzna,77,1
Super_Express,wybory_prez1_start,duda,74,2
Super_Express,wybory_prez1_start,policja,73,3
Super_Express,wybory_prez1_start,telefon,71,4
Super_Express,wybory_prez1_start,pis,56,5
Super_Express,wybory_prez1_start,minister,51,6
Super_Express,wybory_prez1_start,posel,49,7
Super_Express,wybory_prez1_start,sanatorium,46,8
Super_Express,wybory_prez1_start,wyborczy,46,9
Super_Express,wybory_prez1_start,rozmowa,46,10
Super_Express,wybory_prez2_end,duda,267,1
Super_Express,wybory_prez2_end,andrzej,185,2
Super_Express,wybory_prez2_end,komorowski,116,3
Super_Express,wybory_prez2_end,wyborczy,77,4
Super_Express,wybory_prez2_end,prezydencki,66,5
Super_Express,wybory_prez2_end,elekt,64,6
Super_Express,wybory_prez2_end,pis,59,7
Super_Express,wybory_prez2_end,kampania,52,8
Super_Express,wybory_prez2_end,glosowac,45,9
Super_Express,wybory_prez2_end,glos,43,10
Super_Express,wybory_prez2_start,duda,277,1
Super_Express,wybory_prez2_start,komorowski,271,2
Super_Express,wybory_prez2_start,debata,209,3
Super_Express,wybory_prez2_start,kandydat,155,4
Super_Express,wybory_prez2_start,kukiz,134,5
Super_Express,wybory_prez2_start,andrzej,132,6
Super_Express,wybory_prez2_start,pis,101,7
Super_Express,wybory_prez2_start,prezydencki,83,8
Super_Express,wybory_prez2_start,pawel,63,9
Super_Express,wybory_prez2_start,bronislawa,61,10
Super_Express,wybory_samorz_end,glos,25,1
Super_Express,wybory_samorz_end,wyborczy,20,2
Super_Express,wybory_samorz_end,komisja,17,3
Super_Express,wybory_samorz_end,samorzadowy,16,4
Super_Express,wybory_samorz_end,obiekt,10,5
Super_Express,wybory_samorz_end,rosja,9,6
Super_Express,wybory_samorz_end,prawo,9,7
Super_Express,wybory_samorz_end,zwiazek,9,8
Super_Express,wybory_samorz_end,minister,9,9
Super_Express,wybory_samorz_end,policja,8,10
Super_Express,wybory_samorz_start,pis,60,1
Super_Express,wybory_samorz_start,posel,52,2
Super_Express,wybory_samorz_start,hofman,50,3
Super_Express,wybory_samorz_start,adam,49,4
Super_Express,wybory_samorz_start,kaminski,38,5
Super_Express,wybory_samorz_start,partia,31,6
Super_Express,wybory_samorz_start,rogacki,25,7
Super_Express,wybory_samorz_start,mariusz,24,8
Super_Express,wybory_samorz_start,afera,19,9
Super_Express,wybory_samorz_start,polityczny,18,10
Super_Express,zamach_bruks_end,policja,94,1
Super_Express,zamach_bruks_end,zamach,80,2
Super_Express,zamach_bruks_end,mezczyzna,71,3
Super_Express,zamach_bruks_end,rodzina,67,4
Super_Express,zamach_bruks_end,swieta,64,5
Super_Express,zamach_bruks_end,bruksela,63,6
Super_Express,zamach_bruks_end,kaczynski,61,7
Super_Express,zamach_bruks_end,kobieta,58,8
Super_Express,zamach_bruks_end,godzina,54,9
Super_Express,zamach_bruks_end,wielki,53,10
Super_Express,zamach_bruks_start,pis,104,1
Super_Express,zamach_bruks_start,prawo,93,2
Super_Express,zamach_bruks_start,marco,87,3
Super_Express,zamach_bruks_start,prezes,78,4
Super_Express,zamach_bruks_start,kobieta,77,5
Super_Express,zamach_bruks_start,policja,76,6
Super_Express,zamach_bruks_start,mezczyzna,72,7
Super_Express,zamach_bruks_start,wypadek,67,8
Super_Express,zamach_bruks_start,kaczynski,65,9
Super_Express,zamach_bruks_start,prokuratura,63,10
Super_Express,zamach_hebdo_end,pis,50,1
Super_Express,zamach_hebdo_end,kalisz,45,2
Super_Express,zamach_hebdo_end,kaczynski,37,3
Super_Express,zamach_hebdo_end,dziennikarz,35,4
Super_Express,zamach_hebdo_end,szydlo,35,5
Super_Express,zamach_hebdo_end,kukiz,31,6
Super_Express,zamach_hebdo_end,durczok,31,7
Super_Express,zamach_hebdo_end,sejm,31,8
Super_Express,zamach_hebdo_end,kopacz,31,9
Super_Express,zamach_hebdo_end,prawo,30,10
Super_Express,zamach_hebdo_start,stonoga,68,1
Super_Express,zamach_hebdo_start,kaczynski,42,2
Super_Express,zamach_hebdo_start,polityk,40,3
Super_Express,zamach_hebdo_start,partia,39,4
Super_Express,zamach_hebdo_start,lepper,39,5
Super_Express,zamach_hebdo_start,zbigniew,38,6
Super_Express,zamach_hebdo_start,pis,36,7
Super_Express,zamach_hebdo_start,andrzej,33,8
Super_Express,zamach_hebdo_start,rzad,31,9
Super_Express,zamach_hebdo_start,szydlo,30,10
Super_Express,zamach_paryz_end,francja,93,1
Super_Express,zamach_paryz_end,szydlo,87,2
Super_Express,zamach_paryz_end,prawo,83,3
Super_Express,zamach_paryz_end,zamach,79,4
Super_Express,zamach_paryz_end,pis,76,5
Super_Express,zamach_paryz_end,paryz,75,6
Super_Express,zamach_paryz_end,rzad,74,7
Super_Express,zamach_paryz_end,minister,62,8
Super_Express,zamach_paryz_end,policja,61,9
Super_Express,zamach_paryz_end,mezczyzna,57,10
Super_Express,zamach_paryz_start,rzad,108,1
Super_Express,zamach_paryz_start,minister,91,2
Super_Express,zamach_paryz_start,pis,86,3
Super_Express,zamach_paryz_start,kaczynski,85,4
Super_Express,zamach_paryz_start,listopad,76,5
Super_Express,zamach_paryz_start,szydlo,75,6
Super_Express,zamach_paryz_start,sejm,66,7
Super_Express,zamach_paryz_start,warszawa,55,8
Super_Express,zamach_paryz_start,godzina,55,9
Super_Express,zamach_paryz_start,prawo,54,10
